epoch,lr,train_loss,train_acc,val_acc,val_noisy_acc,time_s
1,0.02,2.1570097019954635,19.967783293336403,43.85633270321361,33.59438293275723,17.815958261489868
2,0.04,1.1735074090206778,58.673855156316776,73.15689981096408,63.381042398055634,14.047224044799805
3,0.06,0.6510798914740787,77.95456786876623,82.7977315689981,76.91061301647314,12.363113403320312
4,0.08,0.5246532029734705,82.30711068739932,74.0480691331353,69.51120712935457,12.599774599075317
5,0.1,0.47530535114772016,83.84891022058582,62.624898730758844,63.35403726708075,12.626317501068115
6,0.09997266286704631,0.4529245765906999,84.67405240145962,67.24277612746423,67.21577099648934,12.884586334228516
7,0.09989068136093873,0.4361634586935797,85.39399717281962,84.20199837969214,78.04482851741831,19.609866619110107
8,0.09975414512725057,0.42910106168225454,85.45645813471843,85.20118822576289,77.04563867134756,23.812253713607788
9,0.09956320346634877,0.43149631886115586,85.41372168710346,65.2714015662976,64.13718606535242,20.84810161590576
10,0.09931806517013612,0.4270879990713041,85.77862520135442,81.87955711585201,77.20766945719687,13.3486168384552
11,0.09901899829374047,0.41328154535405504,86.16654064893652,75.69538212260329,64.97434512557386,13.303696393966675
12,0.0986663298624003,0.4041760366670502,86.40652223938986,80.28625438833379,70.67242776127465,14.00172472000122
13,0.09826044551386744,0.4071262063286926,86.41638449653178,85.22819335673778,72.48177153659195,13.908544540405273
14,0.09780178907671788,0.398444691229166,86.59061770603898,87.22657304887929,83.04077774777208,13.809190273284912
15,0.09729086208503174,0.40336512926748086,86.47555803938329,85.30920874966243,78.09883877936808,13.970180988311768
16,0.09672822322997304,0.4029368337839837,86.4821328774779,89.63002970564408,83.0137726167972,14.103526830673218
17,0.09611448774886924,0.391331859302574,86.91935961076959,87.87469619227653,81.47448015122873,15.236051797866821
18,0.09545032675245813,0.38417109654944276,87.15276636312831,86.09235754793411,75.47934107480421,14.739283084869385
19,0.09473646649103817,0.40621192500986225,86.34406127749104,79.39508506616257,75.29030515798001,15.693926811218262
20,0.09397368756032445,0.3977138825651731,86.75170123935698,85.52524979746151,81.3394544963543,24.707354307174683
21,0.0931628240478787,0.39356158979585126,86.79443768697196,81.5284904131785,79.63813124493653,27.714953660964966
22,0.09230476262104677,0.3797987971128242,87.2053650678852,91.79044018363489,84.44504455846611,27.9448344707489
23,0.09140044155740101,0.39561979021129884,86.708964791742,85.5522549284364,79.26005941128814,27.846895456314087
24,0.09045084971874738,0.39169437430142345,86.84703639172885,75.69538212260329,69.75425330812854,24.014528036117554
25,0.08945702546981969,0.3759006693493376,87.35987376310858,85.30920874966243,80.15122873345936,23.64279818534851
26,0.08842005554284296,0.36439910089089056,87.60314277260922,90.08911693221712,80.04320820955982,24.230824947357178
27,0.0873410738492077,0.3654162103660541,87.72477727735955,83.41884958142047,79.69214150688632,20.90350842475891
28,0.08622126023955445,0.3632211197668398,87.6458792202242,87.11855252497975,80.93437753173103,13.537109375
29,0.08506183921362444,0.3641677937206187,87.82339984877872,86.22738320280854,81.7175263300027,13.790058374404907
30,0.08386407858128707,0.3617444136990861,88.01407015352247,89.98109640831758,78.93599783958952,13.75436282157898
31,0.08262928807620844,0.3652913911741017,87.74450179164339,76.85660275452337,72.85984337024034,13.409291505813599
32,0.08135881792367686,0.3559043009200664,88.15214175350933,89.30596813394546,81.3394544963543,18.65199875831604
33,0.08005405736415126,0.35663305494715475,88.00749531542786,85.63327032136105,77.77477720766946,28.7953143119812
34,0.07871643313414718,0.3658318890948092,87.88914822972484,79.88117742371051,77.53173102889549,26.66907286643982
35,0.07734740790612135,0.3492182877066965,88.37568624872613,87.76667566837699,81.58250067512827,23.935721397399902
36,0.07594847868906077,0.34916156046590946,88.27377625825964,87.1995679179044,79.01701323251417,14.775413990020752
37,0.07452117519152542,0.3596367093757191,87.94174693448174,87.52362948960302,80.31325951930867,18.88592505455017
38,0.0730670581489344,0.3557188699394293,88.03708208685362,88.00972184715096,80.01620307858494,13.625186204910278
39,0.07158771761692465,0.35987251106421975,88.0337946678063,85.20118822576289,75.26330002700513,13.555034875869751
40,0.07008477123264849,0.361890228711907,87.79052565830567,82.6086956521739,76.8025924925736,15.08801817893982
41,0.06855986244591104,0.3553357764678326,87.98777080114402,91.92546583850931,82.98676748582231,14.89415717124939
42,0.06701465872208216,0.36792697666343405,87.56040632499425,58.60113421550095,63.73210910072914,14.691978931427002
43,0.06545084971874737,0.35862576381126926,88.00749531542786,84.12098298676749,75.6683769916284,15.000935792922974
44,0.06387014543809223,0.3464274166125612,88.57621881061179,82.74372130704833,68.70105320010802,14.696866750717163
45,0.062274274357039965,0.3440070543389822,88.50389559157105,87.06454226302998,82.2576289495004,12.917714595794678
46,0.06066498153718735,0.3592115279512805,87.98119596304942,87.5776397515528,82.55468539022414,13.71320652961731
47,0.059044026716605504,0.3505276371778329,88.17844110588777,87.7396705374021,79.36807993518768,18.394906044006348
48,0.0574131823855921,0.35657764395813474,87.99763305828594,85.41722927356197,79.07102349446394,15.564393043518066
49,0.05577423184847932,0.35652762639098917,88.18830336302969,78.74696192276532,76.99162840939779,18.14761257171631
50,0.05412896727361663,0.3465014798522305,88.54991945823335,87.46961922765325,81.01539292465569,23.102012634277344
51,0.052479187733661115,0.34268964683873565,88.56964397251717,90.79125033756414,83.3648393194707,13.491224527359009
52,0.05082669723831793,0.3327202596444656,88.95427200105198,87.41560896570348,84.52605995139076,13.532192945480347
53,0.04917330276168208,0.3273112353709852,89.0791939248496,93.32973264920335,86.25438833378342,13.416768312454224
54,0.047520812266338884,0.32171706905018244,89.09563102008613,88.22576289495004,84.6340804752903,13.342420101165771
55,0.04587103272638339,0.3237297143130116,89.14822972484302,93.38374291115312,85.63327032136105,15.11829662322998
56,0.0442257681515207,0.311792081275272,89.55915710575627,81.96057250877666,78.82797731568998,17.73654341697693
57,0.0425868176144079,0.32219570313784146,89.190966172458,90.57520928976506,83.95895220091818,13.004186391830444
58,0.04095597328339452,0.31287127930939546,89.53614517242512,89.7650553605185,82.58169052119902,13.199499130249023
59,0.03933501846281267,0.30736003684991287,89.61833064860778,91.81744531460977,82.39265460437483,13.185647964477539
60,0.03772572564296005,0.3055956816155199,89.78927643906769,90.71023494463948,84.52605995139076,13.466553926467896
61,0.03612985456190778,0.30063867746104406,89.82215062954074,90.41317850391574,84.71509586821496,13.528208017349243
62,0.03454915028125263,0.3020627976655216,89.80900095335153,89.54901431271942,83.58088036726978,13.410378217697144
63,0.03298534127791785,0.2958141973869128,89.99638383904797,92.35754793410749,84.95814204698893,13.46891474723816
64,0.031440137554088955,0.2961676912456031,90.351425096157,93.16770186335404,89.30596813394546,13.90054178237915
65,0.02991522876735154,0.29004708842540844,90.36128735329892,92.65460437483122,86.63246016743182,13.416144371032715
66,0.02841228238307536,0.2872549652869095,90.54867023899537,91.46637861193626,86.06535241695923,13.470248699188232
67,0.02693294185106562,0.28275531046590946,90.512508629475,90.92627599243856,87.09154739400486,14.578514575958252
68,0.02547882480847461,0.27976520379943454,90.66044248660377,94.59897380502295,89.08992708614637,14.203152656555176
69,0.024051521310939256,0.278470943068066,90.7294782865972,93.65379422090197,86.14636780988388,14.28224492073059
70,0.022652592093878668,0.27962747891942535,90.6209934580361,94.84201998379692,88.8468809073724,14.318878173828125
71,0.021283566865852824,0.272480135513577,90.77550215325948,92.78963002970565,85.76829597623548,14.286926984786987
72,0.019945942635848746,0.2706412354839903,91.13383082941583,89.98109640831758,86.17337294085877,14.146994829177856
73,0.01864118207632315,0.2642207198831322,91.2291659817877,94.35592762624898,85.71428571428571,14.273018598556519
74,0.017370711923791565,0.25745144571957496,91.33107597225418,92.89765055360519,86.4704293815825,14.757893085479736
75,0.016135921418712958,0.2551449552756912,91.64666820079556,93.7888198757764,87.41560896570348,14.168490409851074
76,0.014938160786375571,0.25588456035393176,91.5053091817614,94.54496354307318,88.6578449905482,14.213510990142822
77,0.013778739760445552,0.2441851207304645,91.8406259245866,95.16608155549554,89.08992708614637,14.203378915786743
78,0.012658926150792322,0.24774652881936454,91.82418882935008,94.54496354307318,89.19794761004592,14.027387142181396
79,0.01157994445715706,0.24221152962067294,91.89979946743811,94.08587631650013,88.76586551444774,14.249549150466919
80,0.010542974530180327,0.24243768414683256,92.02472139123574,94.54496354307318,88.87388603834728,14.648836612701416
81,0.009549150281252633,0.23859827405363424,92.12005654360762,95.2470969484202,87.79368079935188,14.714618682861328
82,0.008599558442598998,0.23470899085994773,92.14635589598606,96.32730218741561,90.1431271941669,14.772032737731934
83,0.007695237378953224,0.2317684683606463,92.3896249054867,96.27329192546584,90.62921955171483,14.642019033432007
84,0.006837175952121305,0.22767322386912786,92.4422236102436,95.94923035376722,90.44018363489063,14.950583934783936
85,0.006026312439675552,0.21996363228471513,92.79397744830534,96.11126113961653,90.38617337294086,14.345859289169312
86,0.005263533508961827,0.22337640023505045,92.57043295308853,96.11126113961653,90.27815284904132,14.37224006652832
87,0.004549673247541875,0.2164969622193366,92.88931260067721,96.59735349716446,91.11531190926276,14.239149808883667
88,0.0038855122511307627,0.21299139851942864,92.7183668102173,96.51633810423981,91.0342965163381,14.762526273727417
89,0.003271776770026963,0.2141181742393734,92.93204904829219,95.67917904401837,90.57520928976506,14.275376319885254
90,0.002709137914968268,0.2025859788495677,93.41201222919885,96.62435862813935,91.60140426681069,14.228842496871948
91,0.0021982109232821178,0.19991345805150565,93.31996449587429,96.57034836618958,91.38536321901161,14.23540210723877
92,0.0017395544861325718,0.2066500506467997,93.1654558006509,96.73237915203889,91.87145557655954,14.425331115722656
93,0.001333670137599713,0.19914417310110458,93.43173674348269,96.40831758034027,91.00729138536322,14.238800287246704
94,0.0009810017062595322,0.19823785350027942,93.60925737203722,96.705374021064,91.38536321901161,14.337590217590332
95,0.0006819348298638839,0.1974698366460929,93.53693415299648,96.46232784229004,91.70942479071023,14.373703241348267
96,0.0004367965336512403,0.19480410578092638,93.58624543870607,96.78638941398866,91.65541452876046,14.258830308914185
97,0.0002458548727494292,0.19074738573136854,93.69144284821986,96.78638941398866,91.62840939778557,14.335653305053711
98,0.00010931863906127326,0.1857509100757339,94.03004701009237,96.62435862813935,91.79044018363489,14.976985454559326
99,2.7337132953697554e-05,0.1902038540108567,93.66843091488872,96.62435862813935,91.9524709694842,18.615002155303955
100,0.0,0.18870944275165194,93.80978993392287,96.54334323521469,91.70942479071023,16.814207077026367
